group_number,status,source_url,first_seen_at,last_verified_at,notes
1006,active,https://www.asrhealthbenefits.com/MRF,2026-06-24,2026-06-24,confirmed by 0001-9999 ASR HEAD sweep
1011,active,https://www.asrhealthbenefits.com/MRF,2026-06-24,2026-06-24,confirmed by 0001-9999 ASR HEAD sweep
1013,active,https://www.asrhealthbenefits.com/MRF,2026-06-24,2026-06-24,confirmed by 0001-9999 ASR HEAD sweep
1023,active,https://www.asrhealthbenefits.com/MRF,2026-06-24,2026-06-24,confirmed by 0001-9999 ASR HEAD sweep
1025,active,https://www.asrhealthbenefits.com/MRF,2026-06-24,2026-06-24,confirmed by 0001-9999 ASR HEAD sweep
1048,active,https://www.asrhealthbenefits.com/MRF,2026-06-24,2026-06-24,confirmed by 0001-9999 ASR HEAD sweep
1051,active,https://www.asrhealthbenefits.com/MRF,2026-06-24,2026-06-24,confirmed by 0001-9999 ASR HEAD sweep
1054,active,https://www.asrhealthbenefits.com/MRF,2026-06-24,2026-06-24,confirmed by 0001-9999 ASR HEAD sweep
1057,active,https://www.asrhealthbenefits.com/MRF,2026-06-24,2026-06-24,confirmed by 0001-9999 ASR HEAD sweep
1063,active,https://www.asrhealthbenefits.com/MRF,2026-06-24,2026-06-24,confirmed by 0001-9999 ASR HEAD sweep
1075,active,https://www.asrhealthbenefits.com/MRF,2026-06-24,2026-06-24,confirmed by 0001-9999 ASR HEAD sweep
1084,active,https://www.asrhealthbenefits.com/MRF,2026-06-24,2026-06-24,confirmed by 0001-9999 ASR HEAD sweep
1086,active,https://www.asrhealthbenefits.com/MRF,2026-06-24,2026-06-24,confirmed by 0001-9999 ASR HEAD sweep
1090,active,https://www.asrhealthbenefits.com/MRF,2026-06-24,2026-06-24,confirmed by 0001-9999 ASR HEAD sweep
1091,active,https://www.asrhealthbenefits.com/MRF,2026-06-24,2026-06-24,confirmed by 0001-9999 ASR HEAD sweep
1095,active,https://www.asrhealthbenefits.com/MRF,2026-06-24,2026-06-24,confirmed by 0001-9999 ASR HEAD sweep
1100,active,https://www.asrhealthbenefits.com/MRF,2026-06-24,2026-06-24,confirmed by 0001-9999 ASR HEAD sweep
1104,active,https://www.asrhealthbenefits.com/MRF,2026-06-24,2026-06-24,confirmed by 0001-9999 ASR HEAD sweep
1108,active,https://www.asrhealthbenefits.com/MRF,2026-06-24,2026-06-24,confirmed by 0001-9999 ASR HEAD sweep
1123,active,https://www.asrhealthbenefits.com/MRF,2026-06-24,2026-06-24,confirmed by 0001-9999 ASR HEAD sweep
1124,active,https://www.asrhealthbenefits.com/MRF,2026-06-24,2026-06-24,confirmed by 0001-9999 ASR HEAD sweep
1139,active,https://www.asrhealthbenefits.com/MRF,2026-06-24,2026-06-24,confirmed by 0001-9999 ASR HEAD sweep
1140,active,https://www.asrhealthbenefits.com/MRF,2026-06-24,2026-06-24,confirmed by 0001-9999 ASR HEAD sweep
1142,active,https://www.asrhealthbenefits.com/MRF,2026-06-24,2026-06-24,confirmed by 0001-9999 ASR HEAD sweep
1143,active,https://www.asrhealthbenefits.com/MRF,2026-06-24,2026-06-24,confirmed by 0001-9999 ASR HEAD sweep
1149,active,https://www.asrhealthbenefits.com/MRF,2026-06-24,2026-06-24,confirmed by 0001-9999 ASR HEAD sweep
1159,active,https://www.asrhealthbenefits.com/MRF,2026-06-24,2026-06-24,confirmed by 0001-9999 ASR HEAD sweep
1164,active,https://www.asrhealthbenefits.com/MRF,2026-06-24,2026-06-24,confirmed by 0001-9999 ASR HEAD sweep
1173,active,https://www.asrhealthbenefits.com/MRF,2026-06-24,2026-06-24,confirmed by 0001-9999 ASR HEAD sweep
1174,active,https://www.asrhealthbenefits.com/MRF,2026-06-24,2026-06-24,confirmed by 0001-9999 ASR HEAD sweep
1177,active,https://www.asrhealthbenefits.com/MRF,2026-06-24,2026-06-24,confirmed by 0001-9999 ASR HEAD sweep
1181,active,https://www.asrhealthbenefits.com/MRF,2026-06-24,2026-06-24,confirmed by 0001-9999 ASR HEAD sweep
1184,active,https://www.asrhealthbenefits.com/MRF,2026-06-24,2026-06-24,confirmed by 0001-9999 ASR HEAD sweep
1185,active,https://www.asrhealthbenefits.com/MRF,2026-06-24,2026-06-24,confirmed by 0001-9999 ASR HEAD sweep
1186,active,https://www.asrhealthbenefits.com/MRF,2026-06-24,2026-06-24,confirmed by 0001-9999 ASR HEAD sweep
1187,active,https://www.asrhealthbenefits.com/MRF,2026-06-24,2026-06-24,confirmed by 0001-9999 ASR HEAD sweep
1190,active,https://www.asrhealthbenefits.com/MRF,2026-06-24,2026-06-24,confirmed by 0001-9999 ASR HEAD sweep
1192,active,https://www.asrhealthbenefits.com/MRF,2026-06-24,2026-06-24,confirmed by 0001-9999 ASR HEAD sweep
1194,active,https://www.asrhealthbenefits.com/MRF,2026-06-24,2026-06-24,confirmed by 0001-9999 ASR HEAD sweep
1196,active,https://www.asrhealthbenefits.com/MRF,2026-06-24,2026-06-24,confirmed by 0001-9999 ASR HEAD sweep
1197,active,https://www.asrhealthbenefits.com/MRF,2026-06-24,2026-06-24,confirmed by 0001-9999 ASR HEAD sweep
1198,active,https://www.asrhealthbenefits.com/MRF,2026-06-24,2026-06-24,confirmed by 0001-9999 ASR HEAD sweep
1199,active,https://www.asrhealthbenefits.com/MRF,2026-06-24,2026-06-24,confirmed by 0001-9999 ASR HEAD sweep
1200,active,https://www.asrhealthbenefits.com/MRF,2026-06-24,2026-06-24,confirmed by 0001-9999 ASR HEAD sweep
1201,active,https://www.asrhealthbenefits.com/MRF,2026-06-24,2026-06-24,confirmed by 0001-9999 ASR HEAD sweep
1202,active,https://www.asrhealthbenefits.com/MRF,2026-06-24,2026-06-24,confirmed by 0001-9999 ASR HEAD sweep
1205,active,https://www.asrhealthbenefits.com/MRF,2026-06-24,2026-06-24,confirmed by 0001-9999 ASR HEAD sweep
1207,active,https://www.asrhealthbenefits.com/MRF,2026-06-24,2026-06-24,confirmed by 0001-9999 ASR HEAD sweep
1208,active,https://www.asrhealthbenefits.com/MRF,2026-06-24,2026-06-24,confirmed by 0001-9999 ASR HEAD sweep
1209,active,https://www.asrhealthbenefits.com/MRF,2026-06-24,2026-06-24,confirmed by 0001-9999 ASR HEAD sweep
1210,active,https://www.asrhealthbenefits.com/MRF,2026-06-24,2026-06-24,confirmed by 0001-9999 ASR HEAD sweep
1211,active,https://www.asrhealthbenefits.com/MRF,2026-06-24,2026-06-24,confirmed by 0001-9999 ASR HEAD sweep
1212,active,https://www.asrhealthbenefits.com/MRF,2026-06-24,2026-06-24,confirmed by 0001-9999 ASR HEAD sweep
1214,active,https://www.asrhealthbenefits.com/MRF,2026-06-24,2026-06-24,confirmed by 0001-9999 ASR HEAD sweep
1215,active,https://www.asrhealthbenefits.com/MRF,2026-06-24,2026-06-24,confirmed by 0001-9999 ASR HEAD sweep
1216,active,https://www.asrhealthbenefits.com/MRF,2026-06-24,2026-06-24,confirmed by 0001-9999 ASR HEAD sweep
1217,active,https://www.asrhealthbenefits.com/MRF,2026-06-24,2026-06-24,confirmed by 0001-9999 ASR HEAD sweep
1218,active,https://www.asrhealthbenefits.com/MRF,2026-06-24,2026-06-24,confirmed by 0001-9999 ASR HEAD sweep
1219,active,https://www.asrhealthbenefits.com/MRF,2026-06-24,2026-06-24,confirmed by 0001-9999 ASR HEAD sweep
1220,active,https://www.asrhealthbenefits.com/MRF,2026-06-24,2026-06-24,confirmed by 0001-9999 ASR HEAD sweep
1222,active,https://www.asrhealthbenefits.com/MRF,2026-06-24,2026-06-24,confirmed by 0001-9999 ASR HEAD sweep
1223,active,https://www.asrhealthbenefits.com/MRF,2026-06-24,2026-06-24,confirmed by 0001-9999 ASR HEAD sweep
1224,active,https://www.asrhealthbenefits.com/MRF,2026-06-24,2026-06-24,confirmed by 0001-9999 ASR HEAD sweep
1226,active,https://www.asrhealthbenefits.com/MRF,2026-06-24,2026-06-24,confirmed by 0001-9999 ASR HEAD sweep
1227,active,https://www.asrhealthbenefits.com/MRF,2026-06-24,2026-06-24,confirmed by 0001-9999 ASR HEAD sweep
1228,active,https://www.asrhealthbenefits.com/MRF,2026-06-24,2026-06-24,confirmed by 0001-9999 ASR HEAD sweep
1229,active,https://www.asrhealthbenefits.com/MRF,2026-06-24,2026-06-24,confirmed by 0001-9999 ASR HEAD sweep
1230,active,https://www.asrhealthbenefits.com/MRF,2026-06-24,2026-06-24,confirmed by 0001-9999 ASR HEAD sweep
1231,active,https://www.asrhealthbenefits.com/MRF,2026-06-24,2026-06-24,confirmed by 0001-9999 ASR HEAD sweep
1232,active,https://www.asrhealthbenefits.com/MRF,2026-06-24,2026-06-24,confirmed by 0001-9999 ASR HEAD sweep
1233,active,https://www.asrhealthbenefits.com/MRF,2026-06-24,2026-06-24,confirmed by 0001-9999 ASR HEAD sweep
1234,active,https://www.asrhealthbenefits.com/MRF,2026-06-24,2026-06-24,confirmed by 0001-9999 ASR HEAD sweep
1235,active,https://www.asrhealthbenefits.com/MRF,2026-06-24,2026-06-24,confirmed by 0001-9999 ASR HEAD sweep
1236,active,https://www.asrhealthbenefits.com/MRF,2026-06-24,2026-06-24,confirmed by 0001-9999 ASR HEAD sweep
1237,active,https://www.asrhealthbenefits.com/MRF,2026-06-24,2026-06-24,confirmed by 0001-9999 ASR HEAD sweep
1238,active,https://www.asrhealthbenefits.com/MRF,2026-06-24,2026-06-24,confirmed by 0001-9999 ASR HEAD sweep
1239,active,https://www.asrhealthbenefits.com/MRF,2026-06-24,2026-06-24,confirmed by 0001-9999 ASR HEAD sweep
1240,active,https://www.asrhealthbenefits.com/MRF,2026-06-24,2026-06-24,confirmed by 0001-9999 ASR HEAD sweep
1241,active,https://www.asrhealthbenefits.com/MRF,2026-06-24,2026-06-24,confirmed by 0001-9999 ASR HEAD sweep
1242,active,https://www.asrhealthbenefits.com/MRF,2026-06-24,2026-06-24,confirmed by 0001-9999 ASR HEAD sweep
1243,active,https://www.asrhealthbenefits.com/MRF,2026-06-24,2026-06-24,confirmed by 0001-9999 ASR HEAD sweep
1244,active,https://www.asrhealthbenefits.com/MRF,2026-06-24,2026-06-24,confirmed by 0001-9999 ASR HEAD sweep
1245,active,https://www.asrhealthbenefits.com/MRF,2026-06-24,2026-06-24,confirmed by 0001-9999 ASR HEAD sweep
1246,active,https://www.asrhealthbenefits.com/MRF,2026-06-24,2026-06-24,confirmed by 0001-9999 ASR HEAD sweep
1247,active,https://www.asrhealthbenefits.com/MRF,2026-06-24,2026-06-24,confirmed by 0001-9999 ASR HEAD sweep
1248,active,https://www.asrhealthbenefits.com/MRF,2026-06-24,2026-06-24,confirmed by 0001-9999 ASR HEAD sweep
1249,active,https://www.asrhealthbenefits.com/MRF,2026-06-24,2026-06-24,confirmed by 0001-9999 ASR HEAD sweep
1250,active,https://www.asrhealthbenefits.com/MRF,2026-06-24,2026-06-24,confirmed by 0001-9999 ASR HEAD sweep
1251,active,https://www.asrhealthbenefits.com/MRF,2026-06-24,2026-06-24,confirmed by 0001-9999 ASR HEAD sweep
1252,active,https://www.asrhealthbenefits.com/MRF,2026-06-24,2026-06-24,confirmed by 0001-9999 ASR HEAD sweep
1253,active,https://www.asrhealthbenefits.com/MRF,2026-06-24,2026-06-24,confirmed by 0001-9999 ASR HEAD sweep
1254,active,https://www.asrhealthbenefits.com/MRF,2026-06-24,2026-06-24,confirmed by 0001-9999 ASR HEAD sweep
1255,active,https://www.asrhealthbenefits.com/MRF,2026-06-24,2026-06-24,confirmed by 0001-9999 ASR HEAD sweep
1256,active,https://www.asrhealthbenefits.com/MRF,2026-06-24,2026-06-24,confirmed by 0001-9999 ASR HEAD sweep
1257,active,https://www.asrhealthbenefits.com/MRF,2026-06-24,2026-06-24,confirmed by 0001-9999 ASR HEAD sweep
1258,active,https://www.asrhealthbenefits.com/MRF,2026-06-24,2026-06-24,confirmed by 0001-9999 ASR HEAD sweep
1259,active,https://www.asrhealthbenefits.com/MRF,2026-06-24,2026-06-24,confirmed by 0001-9999 ASR HEAD sweep
1260,active,https://www.asrhealthbenefits.com/MRF,2026-06-24,2026-06-24,confirmed by 0001-9999 ASR HEAD sweep
1261,active,https://www.asrhealthbenefits.com/MRF,2026-06-24,2026-06-24,confirmed by 0001-9999 ASR HEAD sweep
1262,active,https://www.asrhealthbenefits.com/MRF,2026-06-24,2026-06-24,confirmed by 0001-9999 ASR HEAD sweep
1263,active,https://www.asrhealthbenefits.com/MRF,2026-06-24,2026-06-24,confirmed by 0001-9999 ASR HEAD sweep
1265,active,https://www.asrhealthbenefits.com/MRF,2026-06-24,2026-06-24,confirmed by 0001-9999 ASR HEAD sweep
1266,active,https://www.asrhealthbenefits.com/MRF,2026-06-24,2026-06-24,confirmed by 0001-9999 ASR HEAD sweep
1267,active,https://www.asrhealthbenefits.com/MRF,2026-06-24,2026-06-24,confirmed by 0001-9999 ASR HEAD sweep
1268,active,https://www.asrhealthbenefits.com/MRF,2026-06-24,2026-06-24,confirmed by 0001-9999 ASR HEAD sweep
1269,active,https://www.asrhealthbenefits.com/MRF,2026-06-24,2026-06-24,confirmed by 0001-9999 ASR HEAD sweep
1270,active,https://www.asrhealthbenefits.com/MRF,2026-06-24,2026-06-24,confirmed by 0001-9999 ASR HEAD sweep
1271,active,https://www.asrhealthbenefits.com/MRF,2026-06-24,2026-06-24,confirmed by 0001-9999 ASR HEAD sweep
1272,active,https://www.asrhealthbenefits.com/MRF,2026-06-24,2026-06-24,confirmed by 0001-9999 ASR HEAD sweep
1273,active,https://www.asrhealthbenefits.com/MRF,2026-06-24,2026-06-24,confirmed by 0001-9999 ASR HEAD sweep
1274,active,https://www.asrhealthbenefits.com/MRF,2026-06-24,2026-06-24,confirmed by 0001-9999 ASR HEAD sweep
1275,active,https://www.asrhealthbenefits.com/MRF,2026-06-24,2026-06-24,confirmed by 0001-9999 ASR HEAD sweep
1276,active,https://www.asrhealthbenefits.com/MRF,2026-06-24,2026-06-24,confirmed by 0001-9999 ASR HEAD sweep
1278,active,https://www.asrhealthbenefits.com/MRF,2026-06-24,2026-06-24,confirmed by 0001-9999 ASR HEAD sweep
5000,active,https://www.asrhealthbenefits.com/MRF,2026-06-24,2026-06-24,confirmed by 0001-9999 ASR HEAD sweep
5001,active,https://www.asrhealthbenefits.com/MRF,2026-06-24,2026-06-24,confirmed by 0001-9999 ASR HEAD sweep
5003,active,https://www.asrhealthbenefits.com/MRF,2026-06-24,2026-06-24,confirmed by 0001-9999 ASR HEAD sweep
8000,active,https://www.asrhealthbenefits.com/MRF,2026-06-24,2026-06-24,confirmed by 0001-9999 ASR HEAD sweep
8001,active,https://www.asrhealthbenefits.com/MRF,2026-06-24,2026-06-24,confirmed by 0001-9999 ASR HEAD sweep
